{
  "name": "CareerOS Career Intelligence Supervised Calibration Model",
  "version": "1.0.0",
  "trainedAt": "2026-05-17T17:56:32.753Z",
  "trainingRows": 270,
  "modelType": "ridge-linear-regression",
  "featureNames": [
    "bias",
    "urlScore",
    "headlineScore",
    "summaryScore",
    "atsScore",
    "keywordScore",
    "technicalScore",
    "communicationScore",
    "impactScore",
    "projectScore",
    "portfolioScore",
    "discoverabilityScore",
    "roleMatchScore",
    "matchedCoreRatio",
    "matchedAdjacentRatio",
    "suggestedPenalty",
    "contentRichness",
    "hasProfileContent",
    "qualityPrior"
  ],
  "targets": {
    "overall": {
      "weights": [
        0.021216,
        0.106025,
        0.080845,
        0.069246,
        0.059915,
        0.064286,
        0.06534,
        0.022474,
        0.05301,
        0.063575,
        0.055292,
        0.063646,
        0.051801,
        0.076267,
        0.021065,
        -0.020232,
        0.037721,
        0.019861,
        0.093069
      ],
      "mae": 0.569
    },
    "ats": {
      "weights": [
        0.022947,
        0.038299,
        0.009365,
        0.050899,
        0.087581,
        0.106132,
        0.096395,
        0.034853,
        0.079298,
        0.024972,
        0.078315,
        0.051111,
        0.05032,
        0.136512,
        -0.015289,
        -0.040833,
        0.027831,
        0.021729,
        0.136719
      ],
      "mae": 0.713
    },
    "profileStrength": {
      "weights": [
        0.021262,
        0.116784,
        0.087803,
        0.085883,
        0.055286,
        0.049914,
        0.054549,
        0.025847,
        0.059958,
        0.081579,
        0.063108,
        0.067733,
        0.053162,
        0.056196,
        0.030129,
        -0.013422,
        0.044625,
        0.019835,
        0.076039
      ],
      "mae": 0.629
    },
    "keywordOptimization": {
      "weights": [
        0.012626,
        0.027922,
        0.000053,
        0.029561,
        0.087233,
        0.145932,
        0.133517,
        -0.005652,
        0.00107,
        0.022887,
        0.004623,
        0.044593,
        0.061315,
        0.175802,
        0.028799,
        -0.072905,
        0.013092,
        0.012166,
        0.146925
      ],
      "mae": 1.257
    },
    "technicalSkill": {
      "weights": [
        0.01441,
        0.025913,
        0.001379,
        0.056615,
        0.078238,
        0.131568,
        0.125871,
        -0.015084,
        -0.011886,
        0.062851,
        -0.004721,
        0.048819,
        0.068939,
        0.147325,
        0.07224,
        -0.072529,
        0.022479,
        0.013812,
        0.115969
      ],
      "mae": 1.054
    },
    "communication": {
      "weights": [
        0.034581,
        -0.008154,
        -0.005454,
        0.138608,
        0.066591,
        0.041639,
        0.040539,
        0.06243,
        0.127729,
        0.065109,
        0.129793,
        0.055197,
        0.031466,
        0.050133,
        0.012145,
        -0.011629,
        0.056547,
        0.03259,
        0.068325
      ],
      "mae": 0.762
    },
    "resumeImpact": {
      "weights": [
        0.010177,
        0.00227,
        -0.005482,
        0.062186,
        0.085183,
        0.021694,
        0.008102,
        0.12513,
        0.278171,
        -0.030349,
        0.263086,
        0.043472,
        -0.00558,
        0.05354,
        -0.112467,
        0.010655,
        0.041805,
        0.009478,
        0.093979
      ],
      "mae": 0.687
    },
    "projectQuality": {
      "weights": [
        0.028479,
        0.03563,
        0.01788,
        0.143616,
        0.057668,
        0.041221,
        0.054095,
        0.022906,
        0.068264,
        0.153766,
        0.07662,
        0.066106,
        0.06989,
        0.027946,
        0.096928,
        -0.0297,
        0.063648,
        0.026767,
        0.039963
      ],
      "mae": 0.889
    },
    "portfolio": {
      "weights": [
        -0.00981,
        -0.009336,
        -0.011794,
        0.102939,
        0.085218,
        -0.000518,
        -0.012375,
        0.146628,
        0.327172,
        -0.014126,
        0.312241,
        0.049689,
        -0.013725,
        0.024838,
        -0.108311,
        0.012881,
        0.054601,
        -0.009466,
        0.049114
      ],
      "mae": 0.921
    },
    "recruiterDiscoverability": {
      "weights": [
        0.00409,
        0.132033,
        0.120053,
        0.067966,
        0.057637,
        0.060359,
        0.061186,
        0.027105,
        0.057859,
        0.055153,
        0.059489,
        0.072383,
        0.049323,
        0.074176,
        0.009806,
        -0.019462,
        0.03606,
        0.003595,
        0.07402
      ],
      "mae": 0.485
    },
    "roleMatch": {
      "weights": [
        0.019389,
        0.033958,
        0.007625,
        0.060277,
        0.076498,
        0.120104,
        0.116057,
        -0.007381,
        -0.000388,
        0.068136,
        0.005937,
        0.050611,
        0.068707,
        0.13578,
        0.060421,
        -0.06521,
        0.027338,
        0.01847,
        0.124275
      ],
      "mae": 0.829
    }
  },
  "notes": "Local supervised model trained on curated recruiter-style synthetic profile examples for hackathon/demo scoring. Replace training rows with real labeled recruiter data when available."
}